[
    {
        "title": "لپ‌تاپ ایسوس",
        "brand": "Asus",
        "description": "لپ‌تاپ ایسوس با طراحی زیبا و عملکرد قدرتمند",
        "price": "۱۴,۰۰۰,۰۰۰ تومان",
        "image": "images/laptopwns11.jpg",
        "link": "product/asus-laptop.html"
    },
    {
        "title": "Asus Tuf F15 Z512ZC",
        "brand": "Asus",
        "description": "لپ‌تاپ گیمینگ Asus با پردازنده قدرتمند",
        "price": "۵۵,۰۰۰,۰۰۰ تومان",
        "image": "images/laptop11 (2).jpg",
        "link": "laptops/TUF Gaming F15/asus-laptop.html"
    },
    {
        "title": "لپ‌تاپ اپل",
        "brand": "Apple",
        "description": "لپ‌تاپ اپل با طراحی زیبا و عملکرد قدرتمند",
        "price": "۳۰,۰۰۰,۰۰۰ تومان",
        "image": "images/laptop3.jpg",
        "link": "product/apple-laptop.html"
    },
    {
        "title": "لپتاپ لنوو",
        "brand": "Lenovo",
        "description": "لپتاپ لنوو با پردازنده سریع و باتری با دوام",
        "price": "۱۲,۰۰۰,۰۰۰ تومان",
        "image": "images/laptop4.jpg",
        "link": "product/lenovo-laptop.html"
    },
    {
        "title": "لپتاپ ایسوس",
        "brand": "Asus",
        "description": "لپتاپ ایسوس با صفحه‌نمایش Full HD و کارت گرافیک قدرتمند",
        "price": "۱۵,۰۰۰,۰۰۰ تومان",
        "image": "images/laptop5.jpg",
        "link": "product/asus-laptop.html"
    },
    {
        "title": "لپتاپ اچ‌پی",
        "brand": "HP",
        "description": "لپتاپ اچ‌پی با طراحی باریک و سبک",
        "price": "۱۸,۰۰۰,۰۰۰ تومان",
        "image": "images/laptop6.jpg",
        "link": "product/hp-laptop.html"
    },
    {
        "title": "لپتاپ سامسونگ",
        "brand": "Samsung",
        "description": "لپتاپ سامسونگ با صفحه‌نمایش AMOLED و پردازنده سریع",
        "price": "۲۰,۰۰۰,۰۰۰ تومان",
        "image": "images/laptop7.jpg",
        "link": "product/samsung-laptop.html"
    },
    {
        "title": "لپتاپ مایکروسافت",
        "brand": "Microsoft",
        "description": "لپتاپ مایکروسافت با طراحی مدرن و عملکرد عالی",
        "price": "۲۵,۰۰۰,۰۰۰ تومان",
        "image": "images/laptop8.jpg",
        "link": "product/microsoft-laptop.html"
    },
    {
        "title": "لپتاپ ایسر",
        "brand": "Acer",
        "description": "لپتاپ ایسر با قیمت مناسب و عملکرد خوب",
        "price": "۱۳,۰۰۰,۰۰۰ تومان",
        "image": "images/laptop9.jpg",
        "link": "product/acer-laptop.html"
    },
    {
        "title": "لپتاپ ریزر",
        "brand": "Razer",
        "description": "لپتاپ ریزر مخصوص بازی با کارت گرافیک قدرتمند",
        "price": "۲۸,۰۰۰,۰۰۰ تومان",
        "image": "images/laptop10.jpg",
        "link": "product/razer-laptop.html"
    },
    {
        "title": "لپتاپ گیگابایت",
        "brand": "Gigabyte",
        "description": "لپتاپ گیگابایت با پردازنده Core i7 و کارت گرافیک اختصاصی",
        "price": "۱۷,۰۰۰,۰۰۰ تومان",
        "image": "images/laptop11.jpg",
        "link": "product/gigabyte-laptop.html"
    },
    {
        "title": "لپتاپ هواوی",
        "brand": "Huawei",
        "description": "لپتاپ هواوی با طراحی زیبا و باتری با دوام",
        "price": "۱۴,۵۰۰,۰۰۰ تومان",
        "image": "images/laptop12.jpg",
        "link": "product/huawei-laptop.html"
    },
    {
        "title": "لپتاپ شیائومی",
        "brand": "Xiaomi",
        "description": "لپتاپ شیائومی با قیمت مناسب و عملکرد خوب",
        "price": "۱۲,۵۰۰,۰۰۰ تومان",
        "image": "images/laptop13.jpg",
        "link": "product/xiaomi-laptop.html"
    }
]